id	institution sameAs	institution	TM collection	THOT collection	idno	online	idno type=TopBib	alias	type	povenance id	provenance	note type=def	Wikidata	note type=Mariette
CoEg_obj_imn												Objet à identifier		
CoEg_obj_00000001	CoEg_org_00000002	Musée du Louvre	www.trismegistos.org/collection/274 	http://thot.philo.ulg.ac.be/concept/thot-4786	A 26	https://collections.louvre.fr/ark:/53355/cl010007879			statue			Sphinx (Basse-Époque, XXIXe dynastie)		
CoEg_obj_00000002	CoEg_org_00000002	Musée du Louvre	www.trismegistos.org/collection/274 	http://thot.philo.ulg.ac.be/concept/thot-4786	N 391	N 391 A : https://collections.louvre.fr/ark:/53355/cl010008101 ; N 391 B : https://collections.louvre.fr/ark:/53355/cl010009177 ; N 391 C : https://collections.louvre.fr/ark:/53355/cl010009176 ; N 391 D : https://collections.louvre.fr/ark:/53355/cl010009175 ; N 391 E : https://collections.louvre.fr/ark:/53355/cl010009541 ; N 391 F : https://collections.louvre.fr/ark:/53355/cl010009540			statue	CoEg_place_00000004	Sérapéum	Six sphinx (époque ptolémaïque ; fouilles du Sérapéum)		
CoEg_obj_00000003	CoEg_org_00000002	Musée du Louvre	www.trismegistos.org/collection/274 	http://thot.philo.ulg.ac.be/concept/thot-4786	C 318	https://collections.louvre.fr/ark:/53355/cl010027816			stela	CoEg_place_00000004	Sérapéum	Stèle (Basse-Époque, XXXe dynastie ; fouilles du Sérapéum) originellement encastrée dans le socle du lion N 432 A		
CoEg_obj_00000004	CoEg_org_00000002	Musée du Louvre	www.trismegistos.org/collection/274 	http://thot.philo.ulg.ac.be/concept/thot-4786	N 432 A	https://collections.louvre.fr/ark:/53355/cl010010168			statue	CoEg_place_00000004	Sérapéum	Lion (Basse-Époque, XXXe dynastie ; fouilles du Sérapéum) ; son socle abritait la stèle C 318		
CoEg_obj_00000005	CoEg_org_00000002	Musée du Louvre	www.trismegistos.org/collection/274 	http://thot.philo.ulg.ac.be/concept/thot-4786	N 432 B	https://collections.louvre.fr/ark:/53355/cl010010169			statue	CoEg_place_00000004	Sérapéum	Lion (Basse-Époque, XXXe dynastie ; fouilles du Sérapéum)		
CoEg_obj_00000006	CoEg_org_00000002	Musée du Louvre	www.trismegistos.org/collection/274 	http://thot.philo.ulg.ac.be/concept/thot-4786	N 432 C	https://collections.louvre.fr/ark:/53355/cl010010170			statue	CoEg_place_00000004	Sérapéum	Lion (Basse-Époque, XXXe dynastie ; fouilles du Sérapéum)		
CoEg_obj_00000007	CoEg_org_00000002	Musée du Louvre	www.trismegistos.org/collection/274 	http://thot.philo.ulg.ac.be/concept/thot-4786	N 390	https://collections.louvre.fr/ark:/53355/cl010007389			statue	CoEg_place_00000004	Sérapéum	Statue d'Apis (Basse-Époque, XXXe dynastie ; fouilles du Sérapéum)		
CoEg_obj_00000008	CoEg_org_00000002	Musée du Louvre	www.trismegistos.org/collection/274 	http://thot.philo.ulg.ac.be/concept/thot-4786	E 3023	https://collections.louvre.fr/ark:/53355/cl010006582			statue	CoEg_place_00000004	Sérapéum	Le « Scribe accroupi » ([Ancien Empire, Ive-Ve dynastie ?] ; fouilles du Sérapéum)		
CoEg_obj_00000009	CoEg_org_00000002	Musée du Louvre	www.trismegistos.org/collection/274 	http://thot.philo.ulg.ac.be/concept/thot-4786	N 405	https://collections.louvre.fr/ark:/53355/cl010010051			stela	CoEg_place_00000004	Sérapéum	Stèle (Basse-Époque ; XXVIe dynastie ; fouilles du Sérapéum)		Reproduite dans Mariette, Auguste, Choix de monuments et de dessins découverts ou exécutés pendant le déblaiement du Sérapéum de Memphis, Paris, Gide et J. Baudry, 1856, pl. 7 (https://gallica.bnf.fr/ark:/12148/bpt6k3041140v/f31.image)
CoEg_obj_00000010	CoEg_org_00000002	Musée du Louvre	www.trismegistos.org/collection/274 	http://thot.philo.ulg.ac.be/concept/thot-4786	N 413	https://collections.louvre.fr/ark:/53355/cl010020344			stela	CoEg_place_00000004	Sérapéum	Stèle (Troisième Période intermédiaire, XXIIe dynastie ; fouilles du Sérapéum)		
CoEg_obj_00000011	CoEg_org_00000002	Musée du Louvre	www.trismegistos.org/collection/274 	http://thot.philo.ulg.ac.be/concept/thot-4786	A 90	https://collections.louvre.fr/ark:/53355/cl010020802		N 91	statue		#N/D	Statue de Neshor présentant une triade (Basse-Époque, XXVIe dynastie). Autre numéro d'inventaire : N 91.		
CoEg_obj_00000012	CoEg_org_00000002	Musée du Louvre	www.trismegistos.org/collection/274 	http://thot.philo.ulg.ac.be/concept/thot-4786	N 420	https://collections.louvre.fr/ark:/53355/cl010010052			misc	CoEg_place_00000004	Sérapéum	Porte (fouilles du Sérapéum)		Mariette lui a attribué le numéro 5
CoEg_obj_00000013	CoEg_org_00000002	Musée du Louvre	www.trismegistos.org/collection/274 	http://thot.philo.ulg.ac.be/concept/thot-4786	N 394 1 A à D	http://cartelfr.louvre.fr/cartelfr/visite?srv=car_not_frame&idNotice=23158			misc	CoEg_place_00000004	Sérapéum	Vases canopes d'Apis réalisés sous Amenhotep III		
CoEg_obj_00000014	CoEg_org_00000002	Musée du Louvre	www.trismegistos.org/collection/274 	http://thot.philo.ulg.ac.be/concept/thot-4786	N 394 2 A à D	http://cartelfr.louvre.fr/cartelfr/visite?srv=car_not_frame&idNotice=27861			misc	CoEg_place_00000004	Sérapéum	Vases canopes d'Apis réalises sous Toutânkhamon		
CoEg_obj_00000015	CoEg_org_00000002	Musée du Louvre	www.trismegistos.org/collection/274 	http://thot.philo.ulg.ac.be/concept/thot-4786	N 407	https://collections.louvre.fr/ark:/53355/cl010077487			stela	CoEg_place_00000004	Sérapéum	Stèle (Basse-Époque, XXVIIe dynastie)		
CoEg_obj_00000016	CoEg_org_00000002	Musée du Louvre	www.trismegistos.org/collection/274 	http://thot.philo.ulg.ac.be/concept/thot-4786	N 481	https://collections.louvre.fr/ark:/53355/cl010019286			stela	CoEg_place_00000004	Sérapéum	Stèle (Troisième Période intermédiaire, XXIIe dynastie). Autre numéro d'inventaire : AF 123		
CoEg_obj_00000017	CoEg_org_00000002	Musée du Louvre	www.trismegistos.org/collection/274 	http://thot.philo.ulg.ac.be/concept/thot-4786	N 488	https://collections.louvre.fr/ark:/53355/cl010019585			stela	CoEg_place_00000004	Sérapéum	Stèle (Troisième Période intermédiaire, XXIIe dynastie)		
CoEg_obj_00000018	CoEg_org_00000002	Musée du Louvre	www.trismegistos.org/collection/274 	http://thot.philo.ulg.ac.be/concept/thot-4786	IM 3736	https://collections.louvre.fr/ark:/53355/cl010020346			stela	CoEg_place_00000004	Sérapéum	Stèle (Troisième Période intermédiaire, XXIIe dynastie). Autre numéro d'inventaire : S 1905		
CoEg_obj_00000019	CoEg_org_00000002	Musée du Louvre	www.trismegistos.org/collection/274 	http://thot.philo.ulg.ac.be/concept/thot-4786	N 347	https://collections.louvre.fr/ark:/53355/cl010008055			statue	CoEg_place_00000004	Sérapéum	Statue de Bès (Basse-Époque, XXXe dynastie ; fouilles du Sérapéum)		Mariette utilise le nom de Typhon
CoEg_obj_00000020	CoEg_org_00000021	Musée égyptien de Turin	www.trismegistos.org/collection/334	http://thot.philo.ulg.ac.be/concept/thot-5351					papyrus		#N/D	ms bilingue de Turin ?		
CoEg_obj_00000021	CoEg_org_00000005	British Museum	www.trismegistos.org/collection/193	http://thot.philo.ulg.ac.be/concept/thot-5040	EA 24	https://www.britishmuseum.org/collection/object/Y_EA24			stela		#N/D	Pierre de Rosette (époque ptolémaïque ; Rosette)	https://www.wikidata.org/wiki/Q48584	
CoEg_obj_00000022	CoEg_org_00000021	Musée égyptien de Turin	www.trismegistos.org/collection/334	http://thot.philo.ulg.ac.be/concept/thot-5351	1791	http://collezioni.museoegizio.it/it-IT/material/Cat_1791			papyrus		#N/D	Livre des morts d'Ioufânkh (Basse-Époque, XXVIe dynastie ; Thèbes ?)		
CoEg_obj_00000023	CoEg_org_00000026	Bibliothèque nationale de France	www.trismegistos.org/collection/270		Égyptien 183-194	https://archivesetmanuscrits.bnf.fr/ark:/12148/cc12921q			papyrus		#N/D	Papyrus Prisse (XIIe dynastie ; acheté en région thébaine)		
CoEg_obj_00000024		British Library	www.trismegistos.org/collection/192	http://thot.philo.ulg.ac.be/concept/thot-5039					codex		#N/D	Codex alexandrinus, manuscrit biblique.	https://www.wikidata.org/wiki/Special:EntityPage/Q318233	Appartenait alors aux collections du British Museum
CoEg_obj_00000025	CoEg_org_00000021	Musée égyptien de Turin	www.trismegistos.org/collection/334	http://thot.philo.ulg.ac.be/concept/thot-5351	7155	http://collezioni.museoegizio.it/it-IT/material/Cat_7155			misc		#N/D	« Table isiaque », ou mensa Isiaca (époque romaine ?)	https://www.wikidata.org/wiki/Special:EntityPage/Q3817829	
CoEg_obj_00000026	CoEg_org_00000002	Musée du Louvre	www.trismegistos.org/collection/274 	http://thot.philo.ulg.ac.be/concept/thot-4786	A 105	https://collections.louvre.fr/ark:/53355/cl010006354			statue	CoEg_place_00000004	Sérapéum	Statue de Sékhemka (Ancien Empire, Ve dynastie ; fouilles du Sérapéum)		
CoEg_obj_00000027	CoEg_org_00000021	Musée égyptien de Turin	www.trismegistos.org/collection/334	http://thot.philo.ulg.ac.be/concept/thot-5351	2031	http://collezioni.museoegizio.it/it-IT/material/Cat_2031 ; https://papyri.museoegizio.it/!8			papyrus		#N/D	papyrus érotique de Turin	https://www.wikidata.org/wiki/Q3362985	
CoEg_obj_00000028	CoEg_org_00000002	Musée du Louvre	www.trismegistos.org/collection/274 	http://thot.philo.ulg.ac.be/concept/thot-4786	A 102	https://collections.louvre.fr/ark:/53355/cl010010189			statue	CoEg_place_00000004	Sérapéum	Groupe familial de Sékhemka (Ancien Empire, Ve dynastie ; fouilles du Sérapéum)		
CoEg_obj_00000029	CoEg_org_00000002	Musée du Louvre	www.trismegistos.org/collection/274 	http://thot.philo.ulg.ac.be/concept/thot-4786	A 103	https://collections.louvre.fr/ark:/53355/cl010009419			statue	CoEg_place_00000004	Sérapéum	Statue de Sékhemka (Ancien Empire, Ve dynastie ; fouilles du Sérapéum)		
CoEg_obj_00000030	CoEg_org_00000002	Musée du Louvre	www.trismegistos.org/collection/274 	http://thot.philo.ulg.ac.be/concept/thot-4786	A 104	https://collections.louvre.fr/ark:/53355/cl010006355			statue	CoEg_place_00000004	Sérapéum	Statue de Sékhemka (Ancien Empire, Ve dynastie ; fouilles du Sérapéum)		
CoEg_obj_00000031	CoEg_org_00000002	Musée du Louvre	www.trismegistos.org/collection/274 	http://thot.philo.ulg.ac.be/concept/thot-4786	N 410	https://collections.louvre.fr/ark:/53355/cl010079174		IM 4246	stela	CoEg_place_00000004	Sérapéum	Stèle funéraire d'Apis, an LII de Ptolémée VIII Évergète II (époque ptolémaïque ; fouilles du Sérapéum)		
CoEg_obj_00000032	In situ						http://topbib.griffith.ox.ac.uk//dtb.html?topbib=601-010-060		relief	CoEg_place_00000026	Abydos	table d'Abydos	https://www.wikidata.org/wiki/Q481644	
CoEg_obj_00000033	CoEg_org_00000022	Musée du Caire	www.trismegistos.org/collection/73	http://thot.philo.ulg.ac.be/concept/thot-4044	CG 34516		http://topbib.griffith.ox.ac.uk//dtb.html?topbib=309-020-070		relief	CoEg_place_00000001	Saqqarah	« Table de Saqqarah » (XIXe dynastie; Saqqarah)	https://www.wikidata.org/wiki/Q1054563	
CoEg_obj_00000034	CoEg_org_00000022	Musée du Caire	www.trismegistos.org/collection/73	http://thot.philo.ulg.ac.be/concept/thot-4044	JE 60539		http://topbib.griffith.ox.ac.uk//dtb.html?topbib=401-260-010		stela	CoEg_place_00000068	Tanis	« Stèle de l’an 400 » (XIXe dynastie; Tanis)	https://www.wikidata.org/wiki/Q22935888	
CoEg_obj_00000035	CoEg_org_00000022	Musée du Caire	www.trismegistos.org/collection/73	http://thot.philo.ulg.ac.be/concept/thot-4044	JE 48863 		http://topbib.griffith.ox.ac.uk/dtb.html?topbib=701-070-130-020-080		stela	CoEg_place_00000102	Gebel Barkal	« Stèle du songe de Tanoutamon » (XXVe dynastie; Gebel Barkal)	https://www.wikidata.org/wiki/Q3501440	
CoEg_obj_00000036	CoEg_org_00000005	British Museum	www.trismegistos.org/collection/193	http://thot.philo.ulg.ac.be/concept/thot-5040	EA 9999	https://www.britishmuseum.org/collection/object/Y_EA9999-1			papyrus	CoEg_place_00000019	Thèbes	Papyrus Harris (XXe dynastie; région thébaine)	https://www.wikidata.org/wiki/Q1578003	
CoEg_obj_00000037		Bibliothèque nationale autrichienne	www.trismegistos.org/collection/357		Cod. 324 HAN MAG 				manuscript		#N/D	Table de Peutinger (copie du XIIIe siècle ; Worms)	https://www.wikidata.org/wiki/Q12767	
CoEg_obj_00000038		Metropolitan Museum of Art (New York)	www.trismegistos.org/collection/247 	http://thot.philo.ulg.ac.be/concept/thot-6054	50.85	https://www.metmuseum.org/art/collection/search/546037			stela		#N/D	« Stèle de Metternich » (Basse-Époque, XXXe dynastie ; provenance inconnue, sans doute Héliopolis)	https://www.wikidata.org/wiki/Q845853	
CoEg_obj_00000039		Bibliothèque universitaire de Leipzig	www.trismegistos.org/collection/181	http://thot.philo.ulg.ac.be/concept/thot-4469	P. Ebers				papyrus		#N/D	Papyrus (XVIIIe dynastie ; acheté à Louqsor)	https://www.wikidata.org/wiki/Q310301	
CoEg_obj_00000040	CoEg_org_00000002	Musée du Louvre	www.trismegistos.org/collection/274 	http://thot.philo.ulg.ac.be/concept/thot-4786	D 68	https://collections.louvre.fr/ark:/53355/cl010028946			relief	CoEg_place_00000044	Eléphantine	Calendrier d'offrandes sur bas-relief (XVIIIe dynastie, Éléphantine)		
CoEg_obj_00000041	CoEg_org_00000022	Musée du Caire	www.trismegistos.org/collection/73	http://thot.philo.ulg.ac.be/concept/thot-4044	CG 432				statue	CoEg_place_00000068	Tanis	Colosse réinscrit au nom de Ramsès II (Moyen Empire ; Tanis)		
CoEg_obj_00000042	CoEg_org_00000022	Musée du Caire	www.trismegistos.org/collection/73	http://thot.philo.ulg.ac.be/concept/thot-4044	CG 576				statue	CoEg_place_00000117	Karnak	Sphinx inscrit au nom de Thoutmosis III (XVIIIe dynastie ; Karnak)		
CoEg_obj_00000043	CoEg_org_00000022	Musée du Caire	www.trismegistos.org/collection/73	http://thot.philo.ulg.ac.be/concept/thot-4044	CG 577				statue	CoEg_place_00000117	Karnak	Sphinx inscrit au nom de Thoutmosis III (XVIIIe dynastie ; Karnak)		
CoEg_obj_00000044	CoEg_org_00000022	Musée du Caire	www.trismegistos.org/collection/73	http://thot.philo.ulg.ac.be/concept/thot-4044	CG 34010				stela	CoEg_place_00000117	Karnak	« Stèle poétique de Thoutmosis III » ou « Stèle triomphale de Thoutmosis III » (XVIIIe dynastie ; Karnak)		
CoEg_obj_00000045	CoEg_org_00000022	Musée du Caire	www.trismegistos.org/collection/73	http://thot.philo.ulg.ac.be/concept/thot-4044	CG 22182				stela	CoEg_place_00000010	Le Caire	« Stèle du satrape » (XXXe dynastie ; Le Caire)		
CoEg_obj_00000046	CoEg_org_00000022	Musée du Caire	www.trismegistos.org/collection/73	http://thot.philo.ulg.ac.be/concept/thot-4044	JE 48862, JE 47086-47089				stela	CoEg_place_00000102	Gebel Barkal	« Stèle de la victoire de Piânkhy » (XXVe dynastie ; Gebel Barkal)		
CoEg_obj_00000047	CoEg_org_00000022	Musée du Caire	www.trismegistos.org/collection/73	http://thot.philo.ulg.ac.be/concept/thot-4044	CG 22181 				stela	CoEg_place_00000159	Thmouïs	Stèle, parfois dite « de Mendès » (époque ptolémaïque, Thmouïs)		
CoEg_obj_00000048	CoEg_org_00000022	Musée du Caire	www.trismegistos.org/collection/73	http://thot.philo.ulg.ac.be/concept/thot-4044	JE 48864				stela	CoEg_place_00000102	Gebel Barkal	« Stèle du couronnement d'Aspelta » (Basse-Époque ; Gebel Barkal)		
CoEg_obj_00000049	CoEg_org_00000022	Musée du Caire	www.trismegistos.org/collection/73	http://thot.philo.ulg.ac.be/concept/thot-4044	JE 48865				stela	CoEg_place_00000102	Gebel Barkal	« Stèle du bannissement » (Basse-Époque ; Gebel Barkal)		
CoEg_obj_00000050	CoEg_org_00000022	Musée du Caire	www.trismegistos.org/collection/73	http://thot.philo.ulg.ac.be/concept/thot-4044	JE 48866				stela	CoEg_place_00000102	Gebel Barkal	« Stèle de l'élection d'Aspelta » (Basse-Époque ; Gebel Barkal)		
CoEg_obj_00000051	CoEg_org_00000002	Musée du Louvre	www.trismegistos.org/collection/274 	http://thot.philo.ulg.ac.be/concept/thot-4786	N 424	https://collections.louvre.fr/ark:/53355/cl010010408			statue	CoEg_place_00000004	Sérapéum	Socle de sphinx (Basse-Époque ; fouilles du Sérapéum)		
CoEg_obj_00000052	CoEg_org_00000022	Musée du Caire	www.trismegistos.org/collection/73	http://thot.philo.ulg.ac.be/concept/thot-4044	CG 22187/JE 22261				stela	CoEg_place_00000068	Tanis	« Décret de Canope » (époque ptolémaïque ; Tanis). Mariette évoque la « pierre de Sân »	https://www.wikidata.org/wiki/Q1240912	
CoEg_obj_00000053		Musée de Boulogne-sur-Mer	www.trismegistos.org/collection/1419 	http://thot.philo.ulg.ac.be/concept/thot-4628	223.R13				statue	CoEg_place_imn	Ouadi Hammamat	Buste de Mariette (Jacquemart, 1880)		
CoEg_obj_00000054	CoEg_org_00000022	Musée du Caire	www.trismegistos.org/collection/73	http://thot.philo.ulg.ac.be/concept/thot-4044	CG 393				statue	CoEg_place_00000068	Tanis	Sphinx (Moyen Empire ; Tanis). Mariette l'attribuait aux Hyksos.		
CoEg_obj_00000055	CoEg_org_00000022	Musée du Caire	www.trismegistos.org/collection/73	http://thot.philo.ulg.ac.be/concept/thot-4044	CG 394				statue	CoEg_place_00000068	Tanis	Sphinx (Moyen Empire ; Tanis). Mariette l'attribuait aux Hyksos.		
CoEg_obj_00000056	CoEg_org_00000005	British Museum	www.trismegistos.org/collection/193	http://thot.philo.ulg.ac.be/concept/thot-5040	EA 147	https://www.britishmuseum.org/collection/object/Y_EA147			stela	CoEg_place_00000001	Saqqarah	Stèle (époque ptolémaïque ; Saqqarah)		
CoEg_obj_00000057	CoEg_org_00000002	Musée du Louvre	www.trismegistos.org/collection/274 	http://thot.philo.ulg.ac.be/concept/thot-4786	IM 3697	https://collections.louvre.fr/ark:/53355/cl010020345			stela	CoEg_place_00000004	Sérapéum	Stèle (Troisième Période intermédiaire ; fouilles du Sérapéum)		
CoEg_obj_00000058	CoEg_org_00000002	Musée du Louvre	www.trismegistos.org/collection/274 	http://thot.philo.ulg.ac.be/concept/thot-4786	N 713	https://collections.louvre.fr/ark:/53355/cl010008949			misc	CoEg_place_imn	Ouadi Hammamat	Coupe de Djéhouty (Nouvel Empire ; sans provenance connue)		
CoEg_obj_00000059	CoEg_org_00000021	Musée égyptien de Turin	www.trismegistos.org/collection/334	http://thot.philo.ulg.ac.be/concept/thot-5351	Cat. 1879, 1969 et 1899	http://collezioni.museoegizio.it/it-IT/material/Cat_1879_1969_1899			papyrus		#N/D	Papyrus minier de Turin (Nouvel Empire ; Deir el-Médinah)	https://www.wikidata.org/wiki/Q1889662	
CoEg_obj_00000060	CoEg_org_00000021	Musée égyptien de Turin	www.trismegistos.org/collection/334	http://thot.philo.ulg.ac.be/concept/thot-5351	Cat. 1874	https://collezioni.museoegizio.it/it-IT/material/Cat_1874/			papyrus		#N/D	Papyrus royal de Turin (Nouvel Empire ; Deir el-Médinah)	https://www.wikidata.org/wiki/Q622770	
CoEg_obj_00000061	CoEg_org_00000022	Musée égyptien de Turin	www.trismegistos.org/collection/73	http://thot.philo.ulg.ac.be/concept/thot-4044	CG 14				statue		#N/D	Statue de Chéphren assis (Ive dynastie ; Gizah)	https://www.wikidata.org/wiki/Q971646	
CoEg_obj_00000062	CoEg_org_00000005	British Museum	www.trismegistos.org/collection/193	http://thot.philo.ulg.ac.be/concept/thot-5040	EA 10221				papyrus	CoEg_place_00000019	Thèbes	Papyrus Abbott (Nouvel Empire, Xxe dynastie ; Thèbes)	https://www.wikidata.org/wiki/Q1794548	
CoEg_obj_00000063	CoEg_org_00000022	Musée du Caire	www.trismegistos.org/collection/73	http://thot.philo.ulg.ac.be/concept/thot-4044	CG 58042 = Boulaq 4				papyrus	CoEg_place_00000019	Thèbes	Copie de l'Enseignement d'Ani (Thèbes, fin du Nouvel Empire)		
CoEg_obj_00000064	CoEg_org_00000022	Musée du Caire	www.trismegistos.org/collection/73	http://thot.philo.ulg.ac.be/concept/thot-4044	CG 34				statue	CoEg_place_00000001	Saqqarah	Statue de Kaâper, dite le cheikh el-beled (Ancien Empire, Ive/Ve dynastie ; Saqqarah)		
CoEg_obj_00000065	CoEg_org_00000022	Musée du Caire	www.trismegistos.org/collection/73	http://thot.philo.ulg.ac.be/concept/thot-4044	JE 6307				stela	CoEg_place_00000026	Abydos	Stèle de Néferhotep (Moyen Empire ; Abydos)		
CoEg_obj_00000066	CoEg_org_00000021	Musée égyptien de Turin	www.trismegistos.org/collection/334	http://thot.philo.ulg.ac.be/concept/thot-5351	Cat. 1885	https://collezioni.museoegizio.it/it-IT/material/Cat_1885			papyrus	CoEg_place_imn	Ouadi Hammamat	Plan de la tombe de Ramsès IV		
CoEg_obj_00000067	CoEg_org_00000022	Musée du Caire	www.trismegistos.org/collection/73	http://thot.philo.ulg.ac.be/concept/thot-4044	CG 58059 = Boulaq 14				papyrus	CoEg_place_imn	Ouadi Hammamat	Lettre sur papyrus (Nouvel Empire ; sans provenance documentée)		
CoEg_obj_00000068	CoEg_org_00000022	Musée du Caire	www.trismegistos.org/collection/73	http://thot.philo.ulg.ac.be/concept/thot-4044	CG 58038 = Boulaq 17				papyrus	CoEg_place_00000019	Thèbes	texte poétique (Nouvel Empire ; région thébaine)		
CoEg_obj_00000069	CoEg_org_00000022	Musée du Caire	www.trismegistos.org/collection/73	http://thot.philo.ulg.ac.be/concept/thot-4044	CG 58069 = Boulaq 18				papyrus	CoEg_place_00000019	Thèbes	registre comptable (Moyen Empire ; région thébaine)	https://www.wikidata.org/wiki/Q626807	
CoEg_obj_00000070	CoEg_org_00000022	Musée du Caire	www.trismegistos.org/collection/73	http://thot.philo.ulg.ac.be/concept/thot-4044	CG 58041 = Boulaq 13 ?				papyrus	CoEg_place_00000001	Saqqarah	papyrus littéraire (Nouvel Empire, Saqqarah)		
CoEg_obj_00000071	CoEg_org_00000002	Musée du Louvre	www.trismegistos.org/collection/274 	http://thot.philo.ulg.ac.be/concept/thot-4786	E 3019	https://collections.louvre.fr/ark:/53355/cl010019116				CoEg_place_00000019	Thèbes	Cerceuil de Sékhemrê-Oupmaât Antef-Âa (XVIIe dynastie, Thèbes)		
CoEg_obj_00000072	CoEg_org_00000005	British Museum	www.trismegistos.org/collection/193	http://thot.philo.ulg.ac.be/concept/thot-5040	EA 6652	https://www.britishmuseum.org/collection/object/Y_EA6652				CoEg_place_00000019	Thèbes	Cerceuil de Noubkhéperrê Antef (XVIIe dynastie, Thèbes)		
CoEg_obj_00000073		Localisation inconnue							stela	CoEg_place_00000193	Chalouf	Stèle de Chalouf (Basse-Époque, première occupation perse ; Chalouf ou Kabrit)	https://www.wikidata.org/wiki/Q5222972	
CoEg_obj_00000074	CoEg_org_00000002	Musée du Louvre	www.trismegistos.org/collection/274 	http://thot.philo.ulg.ac.be/concept/thot-4786	A 23	https://collections.louvre.fr/ark:/53355/cl010010062			statue	CoEg_place_00000068	Tanis	Sphinx (Moyen Empire ; Tanis) réinscrit au nom de Mérenptah		
CoEg_obj_00000075	CoEg_org_00000002	Musée du Louvre	www.trismegistos.org/collection/274 	http://thot.philo.ulg.ac.be/concept/thot-4786	A 21	https://collections.louvre.fr/ark:/53355/cl010007400			statue	CoEg_place_00000068	Tanis	Sphinx (Moyen Empire ; Tanis) réinscrit au nom de Ramsès II ; pendant du sphinx Caire CG 1197 ?		
CoEg_obj_00000076	CoEg_org_00000002	Musée du Louvre	www.trismegistos.org/collection/274 	http://thot.philo.ulg.ac.be/concept/thot-4786	AO 19857	https://collections.louvre.fr/ark:/53355/cl010122557			statue	CoEg_place_00000201	Khorsabad	Taureau ailé assyrien (VIIIe siècle avant notre ère ; Khorsabad)		
CoEg_obj_00000077	CoEg_org_00000002	Musée du Louvre	www.trismegistos.org/collection/274 	http://thot.philo.ulg.ac.be/concept/thot-4786	AO 19858	https://collections.louvre.fr/ark:/53355/cl010122558			statue	CoEg_place_00000201	Khorsabad	Taureau ailé assyrien (VIIIe siècle avant notre ère ; Khorsabad)		
CoEg_obj_00000078	CoEg_org_00000002	Musée du Louvre	www.trismegistos.org/collection/274 	http://thot.philo.ulg.ac.be/concept/thot-4786	AO 19859	https://collections.louvre.fr/ark:/53355/cl010122685			statue	CoEg_place_00000201	Khorsabad	Taureau ailé assyrien (VIIIe siècle avant notre ère ; Khorsabad)		
CoEg_obj_00000079	CoEg_org_00000002	Musée du Louvre	www.trismegistos.org/collection/274 	http://thot.philo.ulg.ac.be/concept/thot-4786	D 8	https://collections.louvre.fr/ark:/53355/cl010036401			sarcophagus	CoEg_place_00000001	Saqqarah	Sarcophage de Djedhor (XXXe dynastie, Saqqarah)		
CoEg_obj_00000080	CoEg_org_00000002	Musée du Louvre	www.trismegistos.org/collection/274 	http://thot.philo.ulg.ac.be/concept/thot-4786	D 9	https://collections.louvre.fr/ark:/53355/cl010037229			sarcophagus	CoEg_place_00000001	Saqqarah	Sarcophage de Djedhor (XXXe dynastie, Saqqarah)		
CoEg_obj_00000081	CoEg_org_00000002	Musée du Louvre	www.trismegistos.org/collection/274 	http://thot.philo.ulg.ac.be/concept/thot-4786	E 3020	https://collections.louvre.fr/en/ark:/53355/cl010019581			coffin	CoEg_place_00000019	Thèbes	Cercueil de Sékhemrê Hérouhermaât Antef (XVIIe dynastie, Thèbes)		
CoEg_obj_00000082	CoEg_org_00000022	Musée du Caire	www.trismegistos.org/collection/73	http://thot.philo.ulg.ac.be/concept/thot-4044	CG 538				statue	CoEg_place_00000199	Léontopolis	Statue royale (Deuxième Période intermédiaire, XIVe dynastie, Tanis)		
CoEg_obj_00000083	CoEg_org_00000022	Musée du Caire	www.trismegistos.org/collection/73	http://thot.philo.ulg.ac.be/concept/thot-4044	s. n.				statue	CoEg_place_00000068	Tanis	Statue royale (XIIIe dynastie ; Tanis) réinscrite au nom d'Apopis (voir PM t. 4, p. 19 : nos 86, 98)		
CoEg_obj_00000084	CoEg_org_00000022	Musée du Caire	www.trismegistos.org/collection/73	http://thot.philo.ulg.ac.be/concept/thot-4044	CG 1197				statue	CoEg_place_00000068	Tanis	Sphinx (Moyen Empire, Tanis) ; pendant du sphinx Louvre A 21 ?		
CoEg_obj_00000085	CoEg_org_00000002	Musée du Louvre	www.trismegistos.org/collection/274 		A 16	https://collections.louvre.fr/ark:/53355/cl010009690			statue	CoEg_place_00000068	Tanis	Statue de Sobekhotep III (XIIIe dynastie, Tanis)		
CoEg_obj_00000086	CoEg_org_00000040	Musée égyptien de Berlin	https://www.trismegistos.org/collection/40	http://thot.philo.ulg.ac.be/concept/thot-4371 	7264	https://www.metmuseum.org/art/collection/search/590699			statue	CoEg_place_00000068	Tanis	Statue royale (XIIe dynastie, Tanis)		
CoEg_obj_00000087		In situ							stela	CoEg_place_00000007	Gizah	« Stèle du rêve » (Nouvel Empire, règne de Thoutmosis IV ; grand Sphinx)	https://www.wikidata.org/wiki/Q45687	
CoEg_obj_00000088	CoEg_org_00000002	Musée du Louvre	www.trismegistos.org/collection/274 	http://thot.philo.ulg.ac.be/concept/thot-4786	A 17	https://collections.louvre.fr/ark:/53355/cl010007870			statue	CoEg_place_00000068	Tanis	Statue de Sobekhotep III (XIIIe dynastie, Tanis)		
CoEg_obj_00000089	CoEg_org_00000022	Musée du Caire	www.trismegistos.org/collection/73	http://thot.philo.ulg.ac.be/concept/thot-4044	JE 2091				stela	CoEg_place_00000007	Gizah	« Stèle de l'inventaire » (XXVIe dynastie, Gizah)	https://www.wikidata.org/wiki/Q23054821	
CoEg_obj_00000090	CoEg_org_00000022	Musée du Caire	www.trismegistos.org/collection/73	http://thot.philo.ulg.ac.be/concept/thot-4044	CG 565 (JE 3420)				statue	CoEg_place_00000117	Karnak	Statue d'Aménirdis Ire (XXVe dynastie, Karnak)		
CoEg_obj_00000090	CoEg_org_00000022	Musée du Caire	www.trismegistos.org/collection/73	http://thot.philo.ulg.ac.be/concept/thot-4044	CG 565 (JE 3420)				statue	CoEg_place_00000117		Statue d'Aménirdis Ire (XXVe dynastie, Karnak)		
CoEg_obj_00000091	CoEg_org_00000022	Musée du Caire	www.trismegistos.org/collection/73	http://thot.philo.ulg.ac.be/concept/thot-4044	CG 3				statue	CoEg_place_00000180	Meïdoum	Rahotep	https://www.wikidata.org/wiki/Q106224142	
CoEg_obj_00000092	CoEg_org_00000022	Musée du Caire	www.trismegistos.org/collection/73	http://thot.philo.ulg.ac.be/concept/thot-4044	CG 4				statue	CoEg_place_00000180	Meïdoum	Nofret	https://www.wikidata.org/wiki/Q106224142	
CoEg_obj_00000093	CoEg_org_00000022	Musée du Caire	www.trismegistos.org/collection/73		CG 20009				stela	CoEg_place_00000165	Dra Abou el-Naga	Stèle d'Antef		
CoEg_obj_00000094	CoEg_org_00000022	Musée du Caire	www.trismegistos.org/collection/73		CG 39145				statue	CoEg_place_00000117	Karnak	Statue de Taouret (XXVIe dynastie, Karnak)		
CoEg_obj_00000095	CoEg_org_00000022	Musée du Caire	www.trismegistos.org/collection/73		CG 20564				stela	CoEg_place_00000026	Abydos	stèle de la dame Tany (XXV-XXVIe dynastie, Abydos)		
CoEg_obj_00000096		Musée de Boulogne-sur-Mer	www.trismegistos.org/collection/1419 	http://thot.philo.ulg.ac.be/concept/thot-4628	1b.R2 				coffin	CoEg_place_00000019	Thèbes	cercueil intermédiaire de Néhemsimontou (XXV-XXVIe dynastie, Thèbes		
CoEg_obj_00000097	CoEg_org_00000005	British Museum	www.trismegistos.org/collection/193	http://thot.philo.ulg.ac.be/concept/thot-5040	EA6647 	https://www.britishmuseum.org/collection/object/Y_EA6647			coffin	CoEg_place_00000007	Gizah	Cercueil au nom de Mykérinos (XXVIe dynastie, Gizeh)		
CoEg_obj_00000098	CoEg_org_00000022	Musée du Caire	www.trismegistos.org/collection/73	http://thot.philo.ulg.ac.be/concept/thot-4044	CG 1426-1430					CoEg_place_00000001	Saqqarah	Panneaux de bois de Hésirê (IIIe dynastie, Saqqarah)		
CoEg_obj_00000099	CoEg_org_00000022	Musée du Caire	www.trismegistos.org/collection/73	http://thot.philo.ulg.ac.be/concept/thot-4044	CG 18				statue	CoEg_place_00000001	Saqqarah	Statue de Rânéfer (Ve dynastie, Saqqarah)		
CoEg_obj_00000100	CoEg_org_00000022	Musée du Caire	www.trismegistos.org/collection/73	http://thot.philo.ulg.ac.be/concept/thot-4044	CG 1790 (JE 18220)				sarcophagus	CoEg_place_00000007	Gizah	Sarcophage de Khoufouânkh (Ancien Empire, Gizeh)		
CoEg_obj_00000101	CoEg_org_00000022	Musée du Caire	www.trismegistos.org/collection/73	http://thot.philo.ulg.ac.be/concept/thot-4044	CG 1435, JE 34570					CoEg_place_00000026	Abydos	Inscription autobiographique d'Ouni (Vie dynastie, Abydos)		
CoEg_obj_00000102										CoEg_place_00000235	Adulis	Inscription d'Adulis (IIIe siècle), uniquement connue par une copie antique	https://www.wikidata.org/wiki/Q734352	
CoEg_obj_00000103	CoEg_org_00000002	Musée du Louvre	www.trismegistos.org/collection/274 	http://thot.philo.ulg.ac.be/concept/thot-4786	TU 415 A	https://collections.louvre.fr/ark:/53355/cl010095716			statue	CoEg_place_00000236	Sébastopol	Sphinge (époque moderne, Sébastopol)		
CoEg_obj_00000104	CoEg_org_00000002	Musée du Louvre	www.trismegistos.org/collection/274 	http://thot.philo.ulg.ac.be/concept/thot-4786	TU 415 B	https://collections.louvre.fr/ark:/53355/cl010409093			statue	CoEg_place_00000236	Sébastopol	Sphinge (époque moderne, Sébastopol)		
CoEg_obj_00000105	CoEg_org_00000002	Musée du Louvre	www.trismegistos.org/collection/274 	http://thot.philo.ulg.ac.be/concept/thot-4786	D 38, E 13482	https://collections.louvre.fr/ark:/53355/cl010028871				CoEg_place_00000093	Dendérah	Zodiaque (époque ptolémaïque, Dendérah)	https://www.wikidata.org/wiki/Q3100139	
CoEg_obj_00000106	CoEg_org_00000002	Musée du Louvre	www.trismegistos.org/collection/274 	http://thot.philo.ulg.ac.be/concept/thot-4786	N 5401	https://collections.louvre.fr/ark:/53355/cl010077401						Moulage du zodiaque de Dendérah (XIXe siècle)		
CoEg_obj_00000107	CoEg_org_00000002	Musée du Louvre	www.trismegistos.org/collection/274 	http://thot.philo.ulg.ac.be/concept/thot-4786	D 30, N 382	https://collections.louvre.fr/ark:/53355/cl010013539					Philae	Naos (époque ptolémaïque, Philae)		
CoEg_obj_00000108	CoEg_org_00000002	Musée du Louvre	www.trismegistos.org/collection/274 	http://thot.philo.ulg.ac.be/concept/thot-4786	C 126, N 277	https://collections.louvre.fr/ark:/53355/cl010028339				CoEg_place_00000007	Gizah	Fragment de patte du Sphinx (Gizeh)		
CoEg_obj_00000109	CoEg_org_00000002	Musée du Louvre	www.trismegistos.org/collection/274 	http://thot.philo.ulg.ac.be/concept/thot-4786	D 29, N 381	https://collections.louvre.fr/ark:/53355/cl010028349					Kom el-Ahmar	Naos (XXVIe dynastie, Kom el-Ahmar)		
CoEg_obj_00000110	CoEg_org_00000002	Musée du Louvre	www.trismegistos.org/collection/274 	http://thot.philo.ulg.ac.be/concept/thot-4786	D 34, N 386	https://collections.louvre.fr/ark:/53355/cl010008432			vase	CoEg_place_00000065	Rome	Vase (XXIIe dynastie, déplacé à Rome dans l'Antiquité)		
CoEg_obj_00000111	CoEg_org_00000002	Musée du Louvre	www.trismegistos.org/collection/274 	http://thot.philo.ulg.ac.be/concept/thot-4786	C 100, N 251	https://collections.louvre.fr/ark:/53355/cl010022630			stela			Stèle (XXIIe dynastie)		
CoEg_obj_00000112	CoEg_org_00000002	Musée du Louvre	www.trismegistos.org/collection/274 	http://thot.philo.ulg.ac.be/concept/thot-4786	A 22, LL 22, N 22	https://collections.louvre.fr/ark:/53355/cl010018723			statue	CoEg_place_00000065	Rome	Statue de Ramsès II (XIXe dynastie, déplacée à Rome dans l'Antiquité)		
CoEg_obj_00000113	CoEg_org_00000002	Musée du Louvre	www.trismegistos.org/collection/274 	http://thot.philo.ulg.ac.be/concept/thot-4786	A 88, MR 2, N 89	https://collections.louvre.fr/ark:/53355/cl010010177			statue	CoEg_place_00000239	Villa Borghèse	Statue de Hor (XXVIe dynastie, vraisemblablement déplacée d'Héralkéopolis à Rome dans l'Antiquité)		
CoEg_obj_00000114	CoEg_org_00000002	Musée du Louvre	www.trismegistos.org/collection/274 	http://thot.philo.ulg.ac.be/concept/thot-4786	C 1, N 155	https://collections.louvre.fr/ark:/53355/cl010022807			stela	CoEg_place_00000026	Abydos	Stèle de Nésoumontou (XIIe dynastie, Abydos)		
CoEg_obj_00000115	CoEg_org_00000002	Musée du Louvre	www.trismegistos.org/collection/274 	http://thot.philo.ulg.ac.be/concept/thot-4786	C 13, N 167	https://collections.louvre.fr/ark:/53355/cl010022817			stela	CoEg_place_00000026	Abydos	Stèle de la reine Noubkhâs (XIIIe dynastie, Abydos)		
CoEg_obj_00000116	CoEg_org_00000002	Musée du Louvre	www.trismegistos.org/collection/274 	http://thot.philo.ulg.ac.be/concept/thot-4786	A 16, N 16	https://collections.louvre.fr/ark:/53355/cl010009690			statue	CoEg_place_00000068	Tanis	Colosse de Khânéferrê Sobekhotep (XIIIe dynastie, Tanis)		
CoEg_obj_00000117	CoEg_org_00000002	Musée du Louvre	www.trismegistos.org/collection/274 	http://thot.philo.ulg.ac.be/concept/thot-4786	A 17, N 17	https://collections.louvre.fr/ark:/53355/cl010007870			statue			Statue de Khânéferrê Sobekhotep (XIIIe dynastie, Asfoun el-Mataneh)		
CoEg_obj_00000118	CoEg_org_00000022	Musée du Caire	www.trismegistos.org/collection/73	http://thot.philo.ulg.ac.be/concept/thot-4044	CG 19				statue	CoEg_place_00000001	Saqqarah	Statue de Rânéfer (Ve dynastie, Saqqarah)		
CoEg_obj_00000119	CoEg_org_00000002	Musée du Louvre	www.trismegistos.org/collection/274 	http://thot.philo.ulg.ac.be/concept/thot-4786	A 27, N 27, MR 39	https://collections.louvre.fr/ark:/53355/cl010009338			statue	CoEg_place_00000065	Rome	sphinx Louvre		
CoEg_obj_00000120	CoEg_org_00000002	Musée du Louvre	www.trismegistos.org/collection/274 	http://thot.philo.ulg.ac.be/concept/thot-4786	A 29, N 29	https://collections.louvre.fr/ark:/53355/cl010013205			statue	CoEg_place_imn		sphinx Louvre		
CoEg_obj_00000121	CoEg_org_00000022	Musée du Caire	www.trismegistos.org/collection/73	http://thot.philo.ulg.ac.be/concept/thot-4044	JE 38927 				statue	CoEg_place_00000001	Saqqarah	Statue de la vache Hathor et de Psammétique (XXVIe dynastie, Saqqarah)		
CoEg_obj_00000122	CoEg_org_00000040	Musée égyptien de Berlin	https://www.trismegistos.org/collection/40	http://thot.philo.ulg.ac.be/concept/thot-4371 	ÄM 2268 	https://id.smb.museum/object/757710/stele-des-k%C3%B6nigs-nastasen			stela	CoEg_place_00000243	Dongola	Stèle de Nastasen (Napata, IVe siècle avant notre ère)		
CoEg_obj_00000123	CoEg_org_00000005	British Museum	www.trismegistos.org/collection/193	http://thot.philo.ulg.ac.be/concept/thot-5040	EA10183 	https://www.britishmuseum.org/collection/object/Y_EA10183-1			papyrus	CoEg_place_imn		Papyrus d'Orbiney (Conte des deux frères ; XIXe dynastie)		
CoEg_obj_00000124	CoEg_org_00000002	Musée du Louvre	www.trismegistos.org/collection/274 	http://thot.philo.ulg.ac.be/concept/thot-4786	C 284 	https://collections.louvre.fr/ark:/53355/cl010029573			stela	CoEg_place_00000117	Karnak	Stèle de Bakhtan (Ier millénaire, Karnak)		
CoEg_obj_00000125	CoEg_org_00000002	Musée du Louvre	www.trismegistos.org/collection/274 		IM 3355	https://collections.louvre.fr/ark:/53355/cl010077444			stela	CoEg_place_00000004	Sérapéum	stèle commémorative de Ptolémée III Evergète (IIIe siècle avant notre ère, Sérapéum)		
CoEg_obj_00000126	CoEg_org_00000002	Musée du Louvre	www.trismegistos.org/collection/274 		E 33685	https://collections.louvre.fr/ark:/53355/cl010374788			statue			buste de Mariette par Lami (?)		
CoEg_obj_00000127		Rome							misc	CoEg_place_00000198	Antinoé	obélisque du Pincio (Iie siècle de notre ère, Antinoé)		
CoEg_obj_00000128	CoEg_org_00000040	Musée égyptien de Berlin	https://www.trismegistos.org/collection/40		ÄM 2268				stela		Napata	Stèle de Nastasen (Napata, IVe siècle avant notre ère)		
CoEg_obj_00000129	CoEg_org_00000002	Musée du Louvre	www.trismegistos.org/collection/274 		IM 3043	https://collections.louvre.fr/ark:/53355/cl010020352			stela	CoEg_place_00000004	Sérapéum	stèle (XXVIe dynastie, Sérapéum)		
CoEg_obj_00000130	CoEg_org_00000077	Musée national des antiquités (Leyde)	www.trismegistos.org/collection/178						papyrus			papyrus à identifier		
CoEg_obj_00000131	CoEg_org_00000040	Musée égyptien de Berlin	https://www.trismegistos.org/collection/40						statue			tête de marbre à identifier		
CoEg_obj_00000132	CoEg_org_00000002	Musée du Louvre	www.trismegistos.org/collection/274 		C 286	https://collections.louvre.fr/ark:/53355/cl010026515			stela	CoEg_place_00000026	Abydos	stèle (XVIIIe dynastie, Abydos)		
CoEg_obj_00000133	CoEg_org_00000005	British Museum	www.trismegistos.org/collection/193		EA 10185	www.trismegistos.org/text/322164			papyrus	CoEg_place_00000019	Thèbes	papyrus Sallier (XIXe dynastie, Thèbes)		
CoEg_obj_00000134	CoEg_org_00000040	Musée égyptien de Berlin	https://www.trismegistos.org/collection/40		ÄM 504				coffin		Djémé	cercueil de Pamin (Iie s. de notre ère, Djémé)		
CoEg_obj_00000135	CoEg_org_00000002	Musée du Louvre	www.trismegistos.org/collection/274 		S 1904	https://collections.louvre.fr/ark:/53355/cl010020345			stela	CoEg_place_00000004	Sérapéum	stèle de Pamy (XXII-XXIIIe dynastie, Sérapéum)		
CoEg_obj_00000136	CoEg_org_00000026	Bibliothèque nationale de France	www.trismegistos.org/collection/270		Égyptien 1-19	https://archivesetmanuscrits.bnf.fr/ark:/12148/cc8311r			papyrus	CoEg_place_00000019	Thèbes	"Livre des morts de Padiamonnebnesouttaouy, dit ""papyrus Cadet"" (époque ptolémaïque, Thèbes)"		
CoEg_obj_00000137	CoEg_org_00000002	Musée du Louvre	www.trismegistos.org/collection/274 		IM 4017 = IM 6170	https://collections.louvre.fr/ark:/53355/cl010073986			stela	CoEg_place_00000004	Sérapéum	stèle (XXVIIe dynastie, Sérapéum)		
CoEg_obj_00000138	CoEg_org_00000002	Musée du Louvre	www.trismegistos.org/collection/274 		N 481	https://collections.louvre.fr/ark:/53355/cl010019286			stela	CoEg_place_00000004	Sérapéum	stèle (XXIIe dynastie, Sérapéum)		
CoEg_obj_00000139	CoEg_org_00000002	Musée du Louvre	www.trismegistos.org/collection/274 		IM 4018 = IM 6176	https://collections.louvre.fr/ark:/53355/cl010073987			stela	CoEg_place_00000004	Sérapéum	stèle (XXVIIe dynastie, Sérapéum)		
CoEg_obj_00000140	CoEg_org_00000005	British Museum	www.trismegistos.org/collection/193		EA 8	https://www.britishmuseum.org/collection/object/Y_EA8			statue	CoEg_place_00000117	Karnak	statue de Hâpy (XXIIe dynastie, Karnak)		
CoEg_obj_00000141		Bibliothèque nationale de Russie, Saint-Pétersbourg			SPL 1-2				papyrus	CoEg_place_00000118	Médinet-Habou	papyrus Denon (livres funéraires de la XXIIe dynastie, Médinet Habu)		
CoEg_obj_00000142	CoEg_org_00000022	Musée du Caire	www.trismegistos.org/collection/73	http://thot.philo.ulg.ac.be/concept/thot-4044	JE 4681				misc	CoEg_place_00000165	Dra Abou el-Naga	bateau d'or de la reine Iâhhotep (XVIIe dynastie, Dra Abou el-Naga)		
CoEg_obj_00000143	CoEg_org_00000022	Musée du Caire	www.trismegistos.org/collection/73	http://thot.philo.ulg.ac.be/concept/thot-4044	JE 2091				stela	CoEg_place_00000007	Gizah	Stèle de l'Inventaire	https://www.wikidata.org/wiki/Q23054821	
CoEg_obj_00000144	CoEg_org_00000022	Musée du Caire	www.trismegistos.org/collection/73	http://thot.philo.ulg.ac.be/concept/thot-4044	JE 6307				stela	CoEg_place_00000026	Abydos	Stèle abydénienne de l'an II de Néferhotep Ier		
CoEg_obj_00000145	CoEg_org_00000022	Musée du Caire	www.trismegistos.org/collection/73	http://thot.philo.ulg.ac.be/concept/thot-4044	CG 30646 = Boulaq 5	https://www.trismegistos.org/text/55857			papyrus	CoEg_place_00000019	Thèbes	Papyrus démotique de Setné (Thèbes)		
CoEg_obj_00000146	CoEg_org_00000022	Musée du Caire	www.trismegistos.org/collection/73	http://thot.philo.ulg.ac.be/concept/thot-4044	JE 48876				stela	CoEg_place_00000026	Abydos	Stèle de l'an IV de Ramsès IV (KRI 6, 20 ; Xxe dynastie, Abydos)		
CoEg_obj_00000147	CoEg_org_00000022	Musée du Caire	www.trismegistos.org/collection/73	http://thot.philo.ulg.ac.be/concept/thot-4044	JE 66285				stela	CoEg_place_00000026	Abydos	Stèle de Chéchonq Ier en l'honneur de son père Nimlot (XXIIe dynastie, Abydos)		
CoEg_obj_00000148	CoEg_org_00000002	Musée du Louvre	www.trismegistos.org/collection/274 	http://thot.philo.ulg.ac.be/concept/thot-4786	IM 4016	https://collections.louvre.fr/ark:/53355/cl010073985			stela	CoEg_place_00000004	Sérapéum	Stèle de l'an XXXI de Darius Ier (XXVIIe dynastie, Sérapéum)		
CoEg_obj_00000149	CoEg_org_00000005	British Museum	www.trismegistos.org/collection/193		EA 117	https://www.britishmuseum.org/collection/object/Y_EA117			relief	CoEg_place_00000026	Abydos	Fragment de la liste royale d'Abydos (XIXe dynastie, Abydos)	https://www.wikidata.org/wiki/Q1796422	
